{"32850380": {"version": 1, "features": {"minVolume": 0.74865015131253487, "playback_count": 1191718, "volumeVar": 2.2842765731068546, "highFreq": 16408.30078125, "lowFreq": 1291.9921875, "endVolume": 0.057325964408351679, "beginVolume": 1.9547606296407742, "midFreq": 15288.57421875, "avgVolume": 2.4560285229125474, "duration": 401000, "maxVolume": 4.4412534664381385, "download_count": 0}}}